fold,auc_interno,depth,l2_leaf_reg
1,0.668314092346152,4,15
2,0.6918807317373373,4,5
3,0.6657219137075082,4,15
4,0.6738617536485596,4,15
5,0.6891947661010366,5,15
