ventana,fold,n_modelo,positivos_modelo,n_calibracion,positivos_calibracion,n_test,positivos_test,prevalencia_test,mejor_auc_grid_interno,auc_sin_calibrar,auc_calibrado,auprc_sin_calibrar,auprc_calibrado,brier_sin_calibrar,brier_calibrado,logloss_sin_calibrar,logloss_calibrado,ece_sin_calibrar,ece_calibrado,tiempo_min
v4l_12_48_catboost,1,2612,290,651,74,817,91,0.11138310893512852,0.6519043343071355,0.6129930675385221,0.6129930675385221,0.16986839877569296,0.16986839877569296,0.09771014002033825,0.099586846377507,0.3425674920616707,0.34713261105663157,0.013329473933680273,0.020745606455528177,23.15103743871053
v4l_12_48_catboost,2,2610,291,655,73,815,91,0.1116564417177914,0.6969721218264183,0.601951915487827,0.601951915487827,0.16282609397189893,0.16282609397189893,0.09864959427920118,0.0985316244144549,0.34761536981788665,0.3454355268668439,0.015421717469310136,0.008425622876717935,22.183412969112396
v4l_12_48_catboost,3,2614,291,650,73,816,91,0.11151960784313726,0.6417035644936434,0.7103902993558167,0.7103902993558167,0.2682778710504116,0.2682778710504116,0.09347496780960621,0.09437576528081845,0.32545257325524396,0.330594151486284,0.03748658615282431,0.0471635752501734,22.143071830272675
v4l_12_48_catboost,4,2610,291,654,73,816,91,0.11151960784313726,0.6461373056885006,0.7158014399393708,0.7158014399393708,0.25087609312251746,0.25087609312251746,0.09365316525862902,0.09458229463877187,0.32420921146988985,0.3286689379230513,0.029174849559565025,0.037190358067934165,21.257572627067567
v4l_12_48_catboost,5,2617,291,647,73,816,91,0.11151960784313726,0.6729651660444071,0.6509132247063282,0.6509132247063282,0.2049992715461243,0.2049992715461243,0.0959995630918231,0.09620367412085773,0.33554389571741683,0.33672265530371076,0.016035516787336754,0.017353124498847846,21.316059545675913
