ventana,fold,n_modelo,positivos_modelo,n_calibracion,positivos_calibracion,n_test,positivos_test,prevalencia_test,mejor_auc_grid_interno,auc_sin_calibrar,auc_calibrado,auprc_sin_calibrar,auprc_calibrado,brier_sin_calibrar,brier_calibrado,logloss_sin_calibrar,logloss_calibrado,ece_sin_calibrar,ece_calibrado,tiempo_min
v4p_3_12_catboost,1,1063,110,270,27,334,35,0.10479041916167664,0.6576993337602826,0.7157190635451505,0.7157190635451505,0.2529636792970707,0.2529636792970707,0.08796473328096238,0.09088540105584676,0.3076460563311825,0.32117443548548946,0.014817433329151544,0.034012147455073014,18.324314399560294
v4p_3_12_catboost,2,1063,110,270,27,334,35,0.10479041916167664,0.6616357568409034,0.6896321070234113,0.6896321070234113,0.18516560077400096,0.18516560077400096,0.09235281836832768,0.09472606786090608,0.3231923228925227,0.3299104428608987,0.02756189856580337,0.037559515405626374,18.97179440657298
v4p_3_12_catboost,3,1067,110,268,28,332,34,0.10240963855421686,0.6717587493449563,0.6258389261744965,0.6258389261744965,0.15047948501363925,0.15047948501363925,0.09242316147532842,0.0916890179130151,0.33046673038848806,0.3267769104214027,0.03203587688726071,0.03266894678954619,19.531355265776316
v4p_3_12_catboost,4,1062,110,271,28,334,34,0.10179640718562874,0.6942919796172579,0.6452941176470588,0.6452941176470588,0.1507107911752573,0.1507107911752573,0.0916738776906235,0.09099364695397963,0.32779867075925057,0.3244468785096406,0.03789062779241408,0.038493536148256444,19.47796761194865
v4p_3_12_catboost,5,1066,110,268,28,333,34,0.1021021021021021,0.6724039796583714,0.6580759394058626,0.6580759394058626,0.21024906155423936,0.21024906155423936,0.08827533712192556,0.08835554997971641,0.3134798978964811,0.3149815762051186,0.008687687889404026,0.014344262553649572,19.538787396748862
