ventana,fold,n_modelo,positivos_modelo,n_calibracion,positivos_calibracion,n_test,positivos_test,prevalencia_test,mejor_auc_grid_interno,auc_sin_calibrar,auc_calibrado,auprc_sin_calibrar,auprc_calibrado,brier_sin_calibrar,brier_calibrado,logloss_sin_calibrar,logloss_calibrado,ece_sin_calibrar,ece_calibrado,tiempo_min
v4_6_24_rf,1,2101,216,523,54,657,68,0.1035007610350076,0.6944341775270962,0.7388395086387696,0.7388395086387696,0.22597567055971657,0.22597567055971657,0.08783945371797795,0.08942955541384703,0.305869880024785,0.30981186030456664,0.015606997592183557,0.039387308465947395,7.25281362136205
v4_6_24_rf,2,2100,215,525,55,656,68,0.10365853658536585,0.696992983166492,0.687687575030012,0.687687575030012,0.2024927061408785,0.2024927061408785,0.08901451028963414,0.0895163347996815,0.312463149475957,0.31532150321027197,0.0071836890243902555,0.019009415049234472,7.463134618600209
v4_6_24_rf,3,2099,216,526,54,656,68,0.10365853658536585,0.7084669233023799,0.7027310924369748,0.7027310924369748,0.21251867610910935,0.21251867610910935,0.0982303132566092,0.08863352072446065,0.3437606477482709,0.31056918380217907,0.09377680164054064,0.019038147866073586,7.505440457661947
v4_6_24_rf,4,2105,217,520,54,656,67,0.10213414634146341,0.7146189184464768,0.6736436662189899,0.6736436662189899,0.1861949315374482,0.1861949315374482,0.10008078741271656,0.08890420551498694,0.34792391345325424,0.3139405445096945,0.0948346485079036,0.005955359589002911,7.469915652275086
v4_6_24_rf,5,2099,217,526,54,656,67,0.10213414634146341,0.697915015930383,0.7080556470618048,0.7080556470618048,0.2094848843797474,0.2094848843797474,0.09527358559161662,0.08761810120518654,0.3353754166532286,0.3068458657761893,0.0853737159420429,0.014641379233277949,7.48952065706253
