fold,auc_interno,depth,l2_leaf_reg
1,0.6673688345750342,7,5
2,0.660186933831978,7,15
3,0.6245304303305091,5,15
4,0.6266219584679719,6,15
5,0.6548854545564948,6,15
